ProcessName,PID,FilePath,SHA256Hash
AggregatorHost,7084,C:\WINDOWS\System32\AggregatorHost.exe,5A8356B8EEC6CC751F73AC1000B6EB17D7FBB2E51A4711C8764D57E62FEFE5D0
AppActions,11548,C:\WINDOWS\SystemApps\MicrosoftWindows.Client.CBS_cw5n1h2txyewy\AppActions.exe,36F91FCD33CD6BD8722EAE37B7CAC3152EB5F85BF3D2A7CC5163834A4F488CA5
ApplicationFrameHost,17252,C:\WINDOWS\system32\ApplicationFrameHost.exe,DF00D5D5C55BAFEFCA1687C7B71F314170041E0D7CDE1F9E4EF4B9BA9A6DE446
AppVShNotify,4636,C:\Program Files\Common Files\Microsoft Shared\ClickToRun\AppVShNotify.exe,7CA204F9D3976645AA6A7EF1FB2CAC5C845DDF19C7C64E357D5BD793447FBE97
audiodg,5200,C:\WINDOWS\system32\AUDIODG.EXE,5309C4C482A6C78A4595BB9189B11BDE821E89BCDD0D943C41458191A1BB573B
backgroundTaskHost,5672,C:\WINDOWS\system32\backgroundTaskHost.exe,B7D2C17E0038945AA4B72AE7A89E54D29B04CCC0FEB62DF5C9B7B67DE43C2530
backgroundTaskHost,19084,C:\WINDOWS\system32\backgroundTaskHost.exe,B7D2C17E0038945AA4B72AE7A89E54D29B04CCC0FEB62DF5C9B7B67DE43C2530
brave,2788,C:\Program Files\BraveSoftware\Brave-Browser\Application\brave.exe,7C38C0D2DA9F884DD245CA7B32D88D60D67B198DC07D997F8AC9B1CFA1BFBF12
brave,3644,C:\Program Files\BraveSoftware\Brave-Browser\Application\brave.exe,7C38C0D2DA9F884DD245CA7B32D88D60D67B198DC07D997F8AC9B1CFA1BFBF12
brave,7440,C:\Program Files\BraveSoftware\Brave-Browser\Application\brave.exe,7C38C0D2DA9F884DD245CA7B32D88D60D67B198DC07D997F8AC9B1CFA1BFBF12
,8524,C:\Program Files\BraveSoftware\Brave-Browser\Application\brave.exe,7C38C0D2DA9F884DD245CA7B32D88D60D67B198DC07D997F8AC9B1CFA1BFBF12
brave,9364,C:\Program Files\BraveSoftware\Brave-Browser\Application\brave.exe,7C38C0D2DA9F884DD245CA7B32D88D60D67B198DC07D997F8AC9B1CFA1BFBF12
brave,10416,C:\Program Files\BraveSoftware\Brave-Browser\Application\brave.exe,7C38C0D2DA9F884DD245CA7B32D88D60D67B198DC07D997F8AC9B1CFA1BFBF12
brave,12356,C:\Program Files\BraveSoftware\Brave-Browser\Application\brave.exe,7C38C0D2DA9F884DD245CA7B32D88D60D67B198DC07D997F8AC9B1CFA1BFBF12
brave,12724,C:\Program Files\BraveSoftware\Brave-Browser\Application\brave.exe,7C38C0D2DA9F884DD245CA7B32D88D60D67B198DC07D997F8AC9B1CFA1BFBF12
brave,13860,C:\Program Files\BraveSoftware\Brave-Browser\Application\brave.exe,7C38C0D2DA9F884DD245CA7B32D88D60D67B198DC07D997F8AC9B1CFA1BFBF12
brave,13940,C:\Program Files\BraveSoftware\Brave-Browser\Application\brave.exe,7C38C0D2DA9F884DD245CA7B32D88D60D67B198DC07D997F8AC9B1CFA1BFBF12
brave,14396,C:\Program Files\BraveSoftware\Brave-Browser\Application\brave.exe,7C38C0D2DA9F884DD245CA7B32D88D60D67B198DC07D997F8AC9B1CFA1BFBF12
brave,14444,C:\Program Files\BraveSoftware\Brave-Browser\Application\brave.exe,7C38C0D2DA9F884DD245CA7B32D88D60D67B198DC07D997F8AC9B1CFA1BFBF12
brave,14952,C:\Program Files\BraveSoftware\Brave-Browser\Application\brave.exe,7C38C0D2DA9F884DD245CA7B32D88D60D67B198DC07D997F8AC9B1CFA1BFBF12
brave,15076,C:\Program Files\BraveSoftware\Brave-Browser\Application\brave.exe,7C38C0D2DA9F884DD245CA7B32D88D60D67B198DC07D997F8AC9B1CFA1BFBF12
brave,15708,C:\Program Files\BraveSoftware\Brave-Browser\Application\brave.exe,7C38C0D2DA9F884DD245CA7B32D88D60D67B198DC07D997F8AC9B1CFA1BFBF12
brave,16684,C:\Program Files\BraveSoftware\Brave-Browser\Application\brave.exe,7C38C0D2DA9F884DD245CA7B32D88D60D67B198DC07D997F8AC9B1CFA1BFBF12
brave,16824,C:\Program Files\BraveSoftware\Brave-Browser\Application\brave.exe,7C38C0D2DA9F884DD245CA7B32D88D60D67B198DC07D997F8AC9B1CFA1BFBF12
brave,18252,C:\Program Files\BraveSoftware\Brave-Browser\Application\brave.exe,7C38C0D2DA9F884DD245CA7B32D88D60D67B198DC07D997F8AC9B1CFA1BFBF12
brave,19424,C:\Program Files\BraveSoftware\Brave-Browser\Application\brave.exe,7C38C0D2DA9F884DD245CA7B32D88D60D67B198DC07D997F8AC9B1CFA1BFBF12
brave,21472,C:\Program Files\BraveSoftware\Brave-Browser\Application\brave.exe,7C38C0D2DA9F884DD245CA7B32D88D60D67B198DC07D997F8AC9B1CFA1BFBF12
brave,22032,C:\Program Files\BraveSoftware\Brave-Browser\Application\brave.exe,7C38C0D2DA9F884DD245CA7B32D88D60D67B198DC07D997F8AC9B1CFA1BFBF12
brave,23720,C:\Program Files\BraveSoftware\Brave-Browser\Application\brave.exe,7C38C0D2DA9F884DD245CA7B32D88D60D67B198DC07D997F8AC9B1CFA1BFBF12
BraveCrashHandler,6608,C:\Program Files (x86)\BraveSoftware\Update\1.3.361.151\BraveCrashHandler.exe,18B3107535B7227E659F10E1DEE38067C5FF29E1049A1377FA2503C64DB8E444
BraveCrashHandler64,6660,C:\Program Files (x86)\BraveSoftware\Update\1.3.361.151\BraveCrashHandler64.exe,628053E78FE0A598C92BDE7E9E65724A87EC774445C2B07581F7A72898E778C8
BulletService,4448,C:\Program Files\Samsung\Recovery\BulletService.exe,BDA0C7349F1F31D018676A3B1221A13D9AE4FD02A7C58481D476918C43C0FB15
Code,1140,C:\Users\youce\AppData\Local\Programs\Microsoft VS Code\Code.exe,40265CB065552BA8080626C3E29D345970070C1E871BC22BA4A34F4062BC52F4
Code,9124,C:\Users\youce\AppData\Local\Programs\Microsoft VS Code\Code.exe,40265CB065552BA8080626C3E29D345970070C1E871BC22BA4A34F4062BC52F4
Code,9804,C:\Users\youce\AppData\Local\Programs\Microsoft VS Code\Code.exe,40265CB065552BA8080626C3E29D345970070C1E871BC22BA4A34F4062BC52F4
Code,10664,C:\Users\youce\AppData\Local\Programs\Microsoft VS Code\Code.exe,40265CB065552BA8080626C3E29D345970070C1E871BC22BA4A34F4062BC52F4
Code,12064,C:\Users\youce\AppData\Local\Programs\Microsoft VS Code\Code.exe,40265CB065552BA8080626C3E29D345970070C1E871BC22BA4A34F4062BC52F4
Code,15056,C:\Users\youce\AppData\Local\Programs\Microsoft VS Code\Code.exe,40265CB065552BA8080626C3E29D345970070C1E871BC22BA4A34F4062BC52F4
Code,16360,C:\Users\youce\AppData\Local\Programs\Microsoft VS Code\Code.exe,40265CB065552BA8080626C3E29D345970070C1E871BC22BA4A34F4062BC52F4
Code,17220,C:\Users\youce\AppData\Local\Programs\Microsoft VS Code\Code.exe,40265CB065552BA8080626C3E29D345970070C1E871BC22BA4A34F4062BC52F4
Code,17684,C:\Users\youce\AppData\Local\Programs\Microsoft VS Code\Code.exe,40265CB065552BA8080626C3E29D345970070C1E871BC22BA4A34F4062BC52F4
Code,17720,C:\Users\youce\AppData\Local\Programs\Microsoft VS Code\Code.exe,40265CB065552BA8080626C3E29D345970070C1E871BC22BA4A34F4062BC52F4
Code,18136,C:\Users\youce\AppData\Local\Programs\Microsoft VS Code\Code.exe,40265CB065552BA8080626C3E29D345970070C1E871BC22BA4A34F4062BC52F4
Code,21084,C:\Users\youce\AppData\Local\Programs\Microsoft VS Code\Code.exe,40265CB065552BA8080626C3E29D345970070C1E871BC22BA4A34F4062BC52F4
CodeSetup-stable-1e3c50d64110be466c0b4a45222e81d2c9352888,21860,C:\Users\youce\AppData\Local\Temp\vscode-stable-user-x64\CodeSetup-stable-1e3c50d64110be466c0b4a45222e81d2c9352888.exe,3FDEE9AEB6BFE179818AF9E70268106209AEEEEE41BAB89E48ABC2C4DDE14893
CodeSetup-stable-1e3c50d64110be466c0b4a45222e81d2c9352888.tmp,13004,C:\Users\youce\AppData\Local\Temp\is-O4S3L.tmp\CodeSetup-stable-1e3c50d64110be466c0b4a45222e81d2c9352888.tmp,F5B7052DB65416C5761BF25E59D9BE8B660BAC1D1ECFFD2E7928359191528207
ColorEngine,3068,C:\Program Files\Samsung\ColorEngine\ColorEngine.exe,AF340327A0E3CBE34FF6769458E9382CFD1B30DA4190E64E21061CF714BED13D
conhost,4732,C:\WINDOWS\system32\conhost.exe,A29C38FE5566650658C1D6377AF7F5115D7C54F3AF7DE0A10E867DB25CB68F9F
conhost,5164,C:\WINDOWS\system32\conhost.exe,A29C38FE5566650658C1D6377AF7F5115D7C54F3AF7DE0A10E867DB25CB68F9F
conhost,6156,C:\WINDOWS\system32\conhost.exe,A29C38FE5566650658C1D6377AF7F5115D7C54F3AF7DE0A10E867DB25CB68F9F
conhost,14108,C:\WINDOWS\system32\conhost.exe,A29C38FE5566650658C1D6377AF7F5115D7C54F3AF7DE0A10E867DB25CB68F9F
conhost,19732,C:\WINDOWS\system32\conhost.exe,A29C38FE5566650658C1D6377AF7F5115D7C54F3AF7DE0A10E867DB25CB68F9F
ctfmon,13300,C:\WINDOWS\system32\ctfmon.exe,59F7AEEA55A06E9F09E9C6F1F39339BC71EEEA7E47E4E6FB944C1392CC162864
DAX3API,3816,C:\WINDOWS\System32\DriverStore\FileRepository\dax3_swc_aposvc.inf_amd64_d727b49de350a60e\DAX3API.exe,410244A8C1688F31ECE9C92231ED35AE4799A874B697742EAAF80CDB46605B45
DAX3API,7188,C:\WINDOWS\System32\DriverStore\FileRepository\DAX3_S~2.INF\DAX3API.exe,410244A8C1688F31ECE9C92231ED35AE4799A874B697742EAAF80CDB46605B45
dllhost,10928,C:\WINDOWS\system32\DllHost.exe,50C9C2EDEA6C51F1AAD2DD80A59F4EDB32637F51714F8472D216E5B9BDACDABF
dllhost,14092,C:\WINDOWS\system32\DllHost.exe,50C9C2EDEA6C51F1AAD2DD80A59F4EDB32637F51714F8472D216E5B9BDACDABF
dllhost,18304,C:\WINDOWS\system32\DllHost.exe,50C9C2EDEA6C51F1AAD2DD80A59F4EDB32637F51714F8472D216E5B9BDACDABF
dllhost,21856,C:\WINDOWS\system32\DllHost.exe,50C9C2EDEA6C51F1AAD2DD80A59F4EDB32637F51714F8472D216E5B9BDACDABF
dwm,1784,C:\WINDOWS\system32\dwm.exe,270B790C980E75A212DFA5C3F74192B5C9ACE255CDF5192195B9DE69AC71B8D9
explorer,18472,C:\WINDOWS\Explorer.EXE,3D598FE7C698DAD75EC0A4ACD68E512A28505B24F1C81CB0B0E0779D4D2DED1C
FileCoAuth,11596,C:\Program Files\Microsoft OneDrive\25.209.1026.0002\FileCoAuth.exe,68B1A181C12FB04785A4612654B02EA323EB434DF6C99BC3E9C1B1D6C9A0D556
fontdrvhost,1400,C:\WINDOWS\system32\fontdrvhost.exe,9F113DA82A5527C67693A63F8BFA20C20F3AB72E04BE74C25C2917E61973E032
fontdrvhost,1408,C:\WINDOWS\system32\fontdrvhost.exe,9F113DA82A5527C67693A63F8BFA20C20F3AB72E04BE74C25C2917E61973E032
GBExperience,6416,C:\Program Files\WindowsApps\SAMSUNGELECTRONICSCO.LTD.SamsungWelcome_3.6.2.0_x64__3c1yjt4zspk6g\WindowsService\GBExperience.exe,FA551E0281E97B1BABF8CA5342B20CC836024F0261AA6D1C1E2EF812679624AC
Intel_PIE_Service,6472,C:\WINDOWS\System32\DriverStore\FileRepository\piecomponent.inf_amd64_ef0d92102be8d7c5\Intel_PIE_Service.exe,966251CA44B5C251EEF5A31973887EAA18BD6F613C3AC24E60FF7C462D60C8C3
IntelAudioService,4032,C:\WINDOWS\System32\DriverStore\FileRepository\intcoed.inf_amd64_6f0a892deb241071\AS\IAS\IntelAudioService.exe,876B3398E25E2756470DD7DA2CA294D253483C5A42CC9337D8BC2E15308F82A8
IntelCpHDCPSvc,2104,C:\WINDOWS\System32\DriverStore\FileRepository\iigd_dch.inf_amd64_80fa968b24ea7e4e\IntelCpHDCPSvc.exe,5D5EF3A7AD7A663712E2449C43474BFCFBB0D8C472CABE2AFE0D82B70147D6E5
ipf_helper,5784,C:\WINDOWS\System32\DriverStore\FileRepository\ipf_cpu.inf_amd64_1d0f5f1cb16186f0\ipf_helper.exe,85934EFB900C2F37D913DC1D1C9B25702A45B41DA44F29F9F2F0D3B7DA342194
ipf_uf,3464,C:\WINDOWS\System32\DriverStore\FileRepository\ipf_cpu.inf_amd64_1d0f5f1cb16186f0\ipf_uf.exe,DE4F507293D2B759DD5BE8C1B95EF3B24260C29D83D7BE4683802CF4DEA8FBCC
ipfsvc,4108,C:\WINDOWS\System32\DriverStore\FileRepository\dtt_sw.inf_amd64_a56d66a9d40a4cb2\ipfsvc.exe,271C9372C80B8101373D9494EF0A51415CD6B770A228DA5041D4DD1327CB85B6
jhi_service,3988,C:\WINDOWS\System32\DriverStore\FileRepository\dal.inf_amd64_af50fdb80983f7bc\jhi_service.exe,4E30D1ED6BBD6C385A665D347342B72F84877589FE63D32268A68BDA61CE55D4
LiveWallpaperWindowsService,4160,C:\Program Files\Samsung\Live Wallpaper Service\LiveWallpaperWindowsService.exe,F4065075A4F06A063D7F5DB12291AEB651BBDF1A3529FDCCF55BABCC781E28AA
LockApp,6368,C:\WINDOWS\SystemApps\Microsoft.LockApp_cw5n1h2txyewy\LockApp.exe,4B554EE89D50C6AD0B8C9B37233F96D50FED5E9CC7DF541E45441DD26F7C2740
LoopbackExemptionManager,6344,C:\Program Files\WindowsApps\SAMSUNGELECTRONICSCoLtd.SamsungContinuityService_1.14.9.0_x64__wyx1vj98g3asy\LoopbackExemptionManager\LoopbackExemptionManager.exe,F10F3A36D682D31F60643230EE7D9EEBEA5B4ABDFCBBE379066B6A28423DA107
MicrosoftStartFeedProvider,12208,C:\Program Files\WindowsApps\Microsoft.StartExperiencesApp_1.151.0.0_x64__8wekyb3d8bbwe\MicrosoftStartFeedProvider\MicrosoftStartFeedProvider.exe,E69B54F3687A309A192B65F9EC25DF3110979CAAA8CF3439F89733F9289CD506
msedgewebview2,1428,C:\Program Files (x86)\Microsoft\EdgeWebView\Application\142.0.3595.90\msedgewebview2.exe,01F769AA651CB729AF11665353C1BFE1AFCF475831B824A6EBC6BCACF31BEA00
msedgewebview2,5020,C:\Program Files (x86)\Microsoft\EdgeWebView\Application\142.0.3595.90\msedgewebview2.exe,01F769AA651CB729AF11665353C1BFE1AFCF475831B824A6EBC6BCACF31BEA00
msedgewebview2,7184,C:\Program Files (x86)\Microsoft\EdgeWebView\Application\142.0.3595.94\msedgewebview2.exe,A8DC2D7B26405E4B5173B3516C4E2758699212C2BF29D10F494767ACE06689A9
msedgewebview2,7628,C:\Program Files (x86)\Microsoft\EdgeWebView\Application\142.0.3595.94\msedgewebview2.exe,A8DC2D7B26405E4B5173B3516C4E2758699212C2BF29D10F494767ACE06689A9
msedgewebview2,8224,C:\Program Files (x86)\Microsoft\EdgeWebView\Application\142.0.3595.90\msedgewebview2.exe,01F769AA651CB729AF11665353C1BFE1AFCF475831B824A6EBC6BCACF31BEA00
msedgewebview2,8776,C:\Program Files (x86)\Microsoft\EdgeWebView\Application\142.0.3595.90\msedgewebview2.exe,01F769AA651CB729AF11665353C1BFE1AFCF475831B824A6EBC6BCACF31BEA00
msedgewebview2,9064,C:\Program Files (x86)\Microsoft\EdgeWebView\Application\142.0.3595.90\msedgewebview2.exe,01F769AA651CB729AF11665353C1BFE1AFCF475831B824A6EBC6BCACF31BEA00
msedgewebview2,13096,C:\Program Files (x86)\Microsoft\EdgeWebView\Application\142.0.3595.94\msedgewebview2.exe,A8DC2D7B26405E4B5173B3516C4E2758699212C2BF29D10F494767ACE06689A9
msedgewebview2,16716,C:\Program Files (x86)\Microsoft\EdgeWebView\Application\142.0.3595.94\msedgewebview2.exe,A8DC2D7B26405E4B5173B3516C4E2758699212C2BF29D10F494767ACE06689A9
msedgewebview2,18336,C:\Program Files (x86)\Microsoft\EdgeWebView\Application\142.0.3595.90\msedgewebview2.exe,01F769AA651CB729AF11665353C1BFE1AFCF475831B824A6EBC6BCACF31BEA00
msedgewebview2,19816,C:\Program Files (x86)\Microsoft\EdgeWebView\Application\142.0.3595.94\msedgewebview2.exe,A8DC2D7B26405E4B5173B3516C4E2758699212C2BF29D10F494767ACE06689A9
msedgewebview2,20344,C:\Program Files (x86)\Microsoft\EdgeWebView\Application\142.0.3595.94\msedgewebview2.exe,A8DC2D7B26405E4B5173B3516C4E2758699212C2BF29D10F494767ACE06689A9
msedgewebview2,20452,C:\Program Files (x86)\Microsoft\EdgeWebView\Application\142.0.3595.94\msedgewebview2.exe,A8DC2D7B26405E4B5173B3516C4E2758699212C2BF29D10F494767ACE06689A9
mysqld,4276,C:\Program Files\MySQL\MySQL Server 8.0\bin\mysqld.exe,45796B4FD95FAD6BD64E88E2EF8AF33E229B45685E0B108679769B6B6358049E
mysqld,4332,C:\Program Files\MySQL\MySQL Server 8.0\bin\mysqld.exe,45796B4FD95FAD6BD64E88E2EF8AF33E229B45685E0B108679769B6B6358049E
MySQLWorkbench,13692,C:\Program Files\MySQL\MySQL Workbench 8.0\MySQLWorkbench.exe,796D23F7495C1297A032640C6BCB1922C6BF2D24EF9C257F96031CF559F57C88
Notepad,15176,C:\Program Files\WindowsApps\Microsoft.WindowsNotepad_11.2508.38.0_x64__8wekyb3d8bbwe\Notepad\Notepad.exe,3D5B56EC5CBE064E10B9525EF74359A4E6B83A9C3341F5FBAAC629BCE80B6817
OfficeClickToRun,15544,C:\Program Files\Common Files\Microsoft Shared\ClickToRun\OfficeClickToRun.exe,02F367DF63999F9D33F2A56292C3E0CE021DD2311A31606EEA4156C91E081D47
olk,7568,C:\Program Files\WindowsApps\Microsoft.OutlookForWindows_1.2025.1111.100_x64__8wekyb3d8bbwe\olk.exe,1221C4EE2FFA22C4D69920A9A4B4D52A4A46D333A0E88F9DC4BA260C5D967A39
OneDrive,17648,C:\Program Files\Microsoft OneDrive\OneDrive.exe,E00A94C9A23BA34212D40192999BE4B761B2D27F4EA07BDC5A414C949DB79655
OneDrive.Sync.Service,5924,C:\Program Files\Microsoft OneDrive\25.209.1026.0002\OneDrive.Sync.Service.exe,C9B4FE07264E471E5FF1D1121760749F2FD41AD8F16AD3F10F93C372A7A18B04
pet,9900,c:\Users\youce\.vscode\extensions\ms-python.python-2025.16.0-win32-x64\python-env-tools\bin\pet.exe,F4238A4BAF2AEB03FD55E50A8728CECF8F59BEEC2932167B446A6B5F82E46495
PhoneExperienceHost,18092,C:\Program Files\WindowsApps\Microsoft.YourPhone_1.25102.64.0_x64__8wekyb3d8bbwe\PhoneExperienceHost.exe,AEAB276D36C2CA4EA541F835CBABF3D5AA3F3C6AE78A9E56163E57489A74F3B5
powershell,4024,C:\WINDOWS\System32\WindowsPowerShell\v1.0\powershell.exe,0FF6F2C94BC7E2833A5F7E16DE1622E5DBA70396F31C7D5F56381870317E8C46
powershell,12564,C:\WINDOWS\System32\WindowsPowerShell\v1.0\powershell.exe,0FF6F2C94BC7E2833A5F7E16DE1622E5DBA70396F31C7D5F56381870317E8C46
powershell,17784,C:\Windows\System32\WindowsPowerShell\v1.0\powershell.exe,0FF6F2C94BC7E2833A5F7E16DE1622E5DBA70396F31C7D5F56381870317E8C46
PTPFilterService,4480,C:\WINDOWS\System32\DriverStore\FileRepository\ptpfiltercomp.inf_amd64_be78bd014d3dec8b\PTPFilterService.exe,C770105F5D1A3601D0C0C62AD9FCDAB989FDCC8622221C62A973A939889C758C
PTPGestureEngine,5872,C:\WINDOWS\System32\DriverStore\FileRepository\ptpfiltercomp.inf_amd64_be78bd014d3dec8b\PTPGestureEngine.exe,046D944D9C849818A687C5EA983B1F0A5FB98D8CFF33A84FE13D984360834E6B
QuickSearchService,4200,C:\Program Files\Samsung\Quick Search Service\QuickSearchService.exe,14AA7DEA5ABBFC4FD0A11AA2E1652AE4016C3AFD1683CA4855C7DF0CE9BC5C16
QuickShareService,6480,C:\Program Files\WindowsApps\SAMSUNGELECTRONICSCoLtd.SamsungQuickShare_2.2.19.0_x64__wyx1vj98g3asy\QuickShareService\QuickShareService.exe,DFA64F1B7F890B62A7B6548B21C2ADF402011D3374AE58D6EF4FDB050AEC7E60
qvWindowsService,4528,C:\Program Files\Samsung\SmartSwitch\qvWindowsService.exe,FA9FD1DFF7A2FE1AE80AA650F496610D9322BBF0FBCC04795652D8B33ECA0B49
RtkAudUService64,4224,C:\WINDOWS\System32\DriverStore\FileRepository\realtekservice.inf_amd64_5349479f7c9fe8a6\RtkAudUService64.exe,A8DE7198640EF70EE1AD789DAEC70E80B705CD4BA8E550D966630137F3CB9F26
RtkAudUService64,13760,C:\WINDOWS\System32\DriverStore\FileRepository\realtekservice.inf_amd64_5349479f7c9fe8a6\RtkAudUService64.exe,A8DE7198640EF70EE1AD789DAEC70E80B705CD4BA8E550D966630137F3CB9F26
RuntimeBroker,2328,C:\Windows\System32\RuntimeBroker.exe,EA3ACD22AA7823BAE51420B707551F46A291F76E10285CD0ECE61A9BDF16734B
RuntimeBroker,7340,C:\Windows\System32\RuntimeBroker.exe,EA3ACD22AA7823BAE51420B707551F46A291F76E10285CD0ECE61A9BDF16734B
RuntimeBroker,10984,C:\Windows\System32\RuntimeBroker.exe,EA3ACD22AA7823BAE51420B707551F46A291F76E10285CD0ECE61A9BDF16734B
RuntimeBroker,13508,C:\Windows\System32\RuntimeBroker.exe,EA3ACD22AA7823BAE51420B707551F46A291F76E10285CD0ECE61A9BDF16734B
RuntimeBroker,18180,C:\Windows\System32\RuntimeBroker.exe,EA3ACD22AA7823BAE51420B707551F46A291F76E10285CD0ECE61A9BDF16734B
SamsungAnalyticsService,6396,C:\Program Files\WindowsApps\SAMSUNGELECTRONICSCO.LTD.SamsungAnalyticsAgent_2.2.14.0_x64__3c1yjt4zspk6g\SamsungAnalyticsService\SamsungAnalyticsService.exe,E93198488811DAD0FDFED9D0567545758B050B6CC77D4A7D2F4CD6F7D5052E1F
SamsungMultiControlService,6352,C:\Program Files\WindowsApps\SAMSUNGELECTRONICSCoLtd.MultiControl_2.5.1400.0_x64__wyx1vj98g3asy\MultiControlService\SamsungMultiControlService.exe,4F604C0A8E6ADA7E462184503898B427C43699821F8AEC3E979753952AF075B6
SamsungSettingsHost,12796,C:\Program Files\WindowsApps\SAMSUNGELECTRONICSCO.LTD.SamsungSettings1.5_7.1.7.0_x64__3c1yjt4zspk6g\SamsungSettingsHost.exe,B5BFE193375018535643BD004A40FB989F8661514A01B3CBDF0FE114D9FF56B7
SamsungSystemSupportEngine,9496,C:\WINDOWS\System32\DriverStore\FileRepository\sfourswcomp15.inf_amd64_949b753b0896b346\SamsungSystemSupportEngine.exe,ED51C2B831B5A9839F57B8DB1CD2061CC2381F27B9CD40F90A0B0E5DCF79FB1A
SamsungSystemSupportService,4492,C:\WINDOWS\System32\DriverStore\FileRepository\sfourswcomp15.inf_amd64_949b753b0896b346\SamsungSystemSupportService.exe,631FCB86CA4AB96E12A8AA08A1DDE973D5C0430C8A2421B462E84AB09B486488
SAService,6448,C:\Program Files\WindowsApps\SAMSUNGELECTRONICSCO.LTD.SamsungAccount_1.25.5230.0_x64__3c1yjt4zspk6g\SAService\SAService.exe,98C4D62E1627E39CDDEEB6E9ACD56F6B432F0FC7B961675EABDBF0A2716269E7
ScreenMode,12512,C:\Program Files\WindowsApps\SAMSUNGELECTRONICSCO.LTD.SamsungSettings1.5_7.1.7.0_x64__3c1yjt4zspk6g\Extensions\ScreenMode.exe,00B93974F5253CE6B6D49B91AE9E1CD6A3AF918E9BCAEB9F518991A08E239ED9
SearchHost,13548,C:\WINDOWS\SystemApps\MicrosoftWindows.Client.CBS_cw5n1h2txyewy\SearchHost.exe,C5D6C0EB18D60AE33EED1B65F3B559BC3038710A3638AB9F87702AA122C8CBB5
SearchIndexer,12136,C:\WINDOWS\system32\SearchIndexer.exe,ED3599930A267A8575B718E9680CA14C9F23296DD7F13A9015A9E580372D39BA
SecondScreen,10280,C:\Program Files\WindowsApps\SAMSUNGELECTRONICSCoLtd.SecondScreen_1.13.7.0_x64__wyx1vj98g3asy\SecondScreen.exe,BACE3C76C95C410A32A2C0FD5DB2BAE73829E2489C8E683030CFFC2C60B782A8
SecondScreenDesktop,8380,C:\Program Files\WindowsApps\SAMSUNGELECTRONICSCoLtd.SecondScreen_1.13.7.0_x64__wyx1vj98g3asy\SecondScreenDesktop\SecondScreenDesktop.exe,4649FCC41A09F5646A460276E5B4E7AC50AA29A76F376B4CB533B9076591CB7E
ShellExperienceHost,4952,C:\WINDOWS\SystemApps\ShellExperienceHost_cw5n1h2txyewy\ShellExperienceHost.exe,99C8B84F2247192B857CBD80E1286DD0D4B807A5E40398414174B7CB93F93430
ShellHost,25024,C:\Windows\System32\ShellHost.exe,A05008FB6E25C3200322A79CF12DAD058493A448B7E1B1922C64FDF7BFC8CE63
sihost,4828,C:\WINDOWS\system32\sihost.exe,88BA1D483AB3DD92F552847CCE06F2457BA1792E32A4D8829AD582CFFAC63011
smartscreen,21732,C:\Windows\System32\smartscreen.exe,C59D1100EA05FFB8765242583462C8436E87770CEA8D6BFCA35BE364DA8C2391
spoolsv,3944,C:\WINDOWS\System32\spoolsv.exe,B3F5511A44E6126EA4A284DF7616C446E5104F35C2D2EBA69B7E028D5758495C
StartMenuExperienceHost,9552,C:\WINDOWS\SystemApps\Microsoft.Windows.StartMenuExperienceHost_cw5n1h2txyewy\StartMenuExperienceHost.exe,92A0004D16AE425AAB484DE3312B8A65E84226F8F5ED2FC0B26E49B1E83E1EE4
StudiomodeSvc,4512,C:\Program Files (x86)\Samsung\Studiomode\StudiomodeSvc.exe,AB7FEC5909A9D886B06840275F8AA83765696056E74174183D1376F203ED10C2
svchost,384,C:\WINDOWS\system32\svchost.exe,53A39B900E3BFBF384ACD13F0FC2329FA8D42B61E993D8ED5ADF3A1428005D26
svchost,756,C:\WINDOWS\System32\svchost.exe,53A39B900E3BFBF384ACD13F0FC2329FA8D42B61E993D8ED5ADF3A1428005D26
svchost,1120,C:\WINDOWS\system32\svchost.exe,53A39B900E3BFBF384ACD13F0FC2329FA8D42B61E993D8ED5ADF3A1428005D26
svchost,1172,C:\WINDOWS\system32\svchost.exe,53A39B900E3BFBF384ACD13F0FC2329FA8D42B61E993D8ED5ADF3A1428005D26
svchost,1364,C:\WINDOWS\system32\svchost.exe,53A39B900E3BFBF384ACD13F0FC2329FA8D42B61E993D8ED5ADF3A1428005D26
svchost,1476,C:\WINDOWS\system32\svchost.exe,53A39B900E3BFBF384ACD13F0FC2329FA8D42B61E993D8ED5ADF3A1428005D26
svchost,1604,C:\WINDOWS\system32\svchost.exe,53A39B900E3BFBF384ACD13F0FC2329FA8D42B61E993D8ED5ADF3A1428005D26
svchost,1656,C:\WINDOWS\system32\svchost.exe,53A39B900E3BFBF384ACD13F0FC2329FA8D42B61E993D8ED5ADF3A1428005D26
svchost,1904,C:\WINDOWS\system32\svchost.exe,53A39B900E3BFBF384ACD13F0FC2329FA8D42B61E993D8ED5ADF3A1428005D26
svchost,1920,C:\WINDOWS\system32\svchost.exe,53A39B900E3BFBF384ACD13F0FC2329FA8D42B61E993D8ED5ADF3A1428005D26
svchost,2004,C:\WINDOWS\system32\svchost.exe,53A39B900E3BFBF384ACD13F0FC2329FA8D42B61E993D8ED5ADF3A1428005D26
svchost,2012,C:\WINDOWS\system32\svchost.exe,53A39B900E3BFBF384ACD13F0FC2329FA8D42B61E993D8ED5ADF3A1428005D26
svchost,2120,C:\WINDOWS\system32\svchost.exe,53A39B900E3BFBF384ACD13F0FC2329FA8D42B61E993D8ED5ADF3A1428005D26
svchost,2144,C:\WINDOWS\system32\svchost.exe,53A39B900E3BFBF384ACD13F0FC2329FA8D42B61E993D8ED5ADF3A1428005D26
svchost,2188,C:\WINDOWS\system32\svchost.exe,53A39B900E3BFBF384ACD13F0FC2329FA8D42B61E993D8ED5ADF3A1428005D26
svchost,2236,C:\WINDOWS\System32\svchost.exe,53A39B900E3BFBF384ACD13F0FC2329FA8D42B61E993D8ED5ADF3A1428005D26
svchost,2344,C:\WINDOWS\system32\svchost.exe,53A39B900E3BFBF384ACD13F0FC2329FA8D42B61E993D8ED5ADF3A1428005D26
svchost,2480,C:\WINDOWS\system32\svchost.exe,53A39B900E3BFBF384ACD13F0FC2329FA8D42B61E993D8ED5ADF3A1428005D26
svchost,2564,C:\WINDOWS\system32\svchost.exe,53A39B900E3BFBF384ACD13F0FC2329FA8D42B61E993D8ED5ADF3A1428005D26
svchost,2732,C:\WINDOWS\system32\svchost.exe,53A39B900E3BFBF384ACD13F0FC2329FA8D42B61E993D8ED5ADF3A1428005D26
svchost,2764,C:\WINDOWS\system32\svchost.exe,53A39B900E3BFBF384ACD13F0FC2329FA8D42B61E993D8ED5ADF3A1428005D26
svchost,2804,C:\WINDOWS\system32\svchost.exe,53A39B900E3BFBF384ACD13F0FC2329FA8D42B61E993D8ED5ADF3A1428005D26
svchost,2848,C:\WINDOWS\System32\svchost.exe,53A39B900E3BFBF384ACD13F0FC2329FA8D42B61E993D8ED5ADF3A1428005D26
svchost,2968,C:\WINDOWS\system32\svchost.exe,53A39B900E3BFBF384ACD13F0FC2329FA8D42B61E993D8ED5ADF3A1428005D26
svchost,2976,C:\WINDOWS\system32\svchost.exe,53A39B900E3BFBF384ACD13F0FC2329FA8D42B61E993D8ED5ADF3A1428005D26
svchost,2984,C:\WINDOWS\System32\svchost.exe,53A39B900E3BFBF384ACD13F0FC2329FA8D42B61E993D8ED5ADF3A1428005D26
svchost,3048,C:\WINDOWS\system32\svchost.exe,53A39B900E3BFBF384ACD13F0FC2329FA8D42B61E993D8ED5ADF3A1428005D26
svchost,3132,C:\WINDOWS\system32\svchost.exe,53A39B900E3BFBF384ACD13F0FC2329FA8D42B61E993D8ED5ADF3A1428005D26
svchost,3188,C:\WINDOWS\System32\svchost.exe,53A39B900E3BFBF384ACD13F0FC2329FA8D42B61E993D8ED5ADF3A1428005D26
svchost,3200,C:\WINDOWS\System32\svchost.exe,53A39B900E3BFBF384ACD13F0FC2329FA8D42B61E993D8ED5ADF3A1428005D26
svchost,3208,C:\WINDOWS\system32\svchost.exe,53A39B900E3BFBF384ACD13F0FC2329FA8D42B61E993D8ED5ADF3A1428005D26
svchost,3260,C:\WINDOWS\system32\svchost.exe,53A39B900E3BFBF384ACD13F0FC2329FA8D42B61E993D8ED5ADF3A1428005D26
svchost,3344,C:\WINDOWS\System32\svchost.exe,53A39B900E3BFBF384ACD13F0FC2329FA8D42B61E993D8ED5ADF3A1428005D26
svchost,3352,C:\WINDOWS\system32\svchost.exe,53A39B900E3BFBF384ACD13F0FC2329FA8D42B61E993D8ED5ADF3A1428005D26
svchost,3356,C:\WINDOWS\System32\svchost.exe,53A39B900E3BFBF384ACD13F0FC2329FA8D42B61E993D8ED5ADF3A1428005D26
svchost,3400,C:\WINDOWS\System32\svchost.exe,53A39B900E3BFBF384ACD13F0FC2329FA8D42B61E993D8ED5ADF3A1428005D26
svchost,3436,C:\WINDOWS\system32\svchost.exe,53A39B900E3BFBF384ACD13F0FC2329FA8D42B61E993D8ED5ADF3A1428005D26
svchost,3452,C:\WINDOWS\System32\svchost.exe,53A39B900E3BFBF384ACD13F0FC2329FA8D42B61E993D8ED5ADF3A1428005D26
svchost,3596,C:\WINDOWS\system32\svchost.exe,53A39B900E3BFBF384ACD13F0FC2329FA8D42B61E993D8ED5ADF3A1428005D26
svchost,3736,C:\WINDOWS\System32\svchost.exe,53A39B900E3BFBF384ACD13F0FC2329FA8D42B61E993D8ED5ADF3A1428005D26
svchost,3780,C:\WINDOWS\system32\svchost.exe,53A39B900E3BFBF384ACD13F0FC2329FA8D42B61E993D8ED5ADF3A1428005D26
svchost,3824,C:\WINDOWS\system32\svchost.exe,53A39B900E3BFBF384ACD13F0FC2329FA8D42B61E993D8ED5ADF3A1428005D26
svchost,3868,C:\WINDOWS\System32\svchost.exe,53A39B900E3BFBF384ACD13F0FC2329FA8D42B61E993D8ED5ADF3A1428005D26
svchost,3896,C:\WINDOWS\System32\svchost.exe,53A39B900E3BFBF384ACD13F0FC2329FA8D42B61E993D8ED5ADF3A1428005D26
svchost,4000,C:\WINDOWS\system32\svchost.exe,53A39B900E3BFBF384ACD13F0FC2329FA8D42B61E993D8ED5ADF3A1428005D26
svchost,4036,C:\WINDOWS\System32\svchost.exe,53A39B900E3BFBF384ACD13F0FC2329FA8D42B61E993D8ED5ADF3A1428005D26
svchost,4068,C:\WINDOWS\System32\svchost.exe,53A39B900E3BFBF384ACD13F0FC2329FA8D42B61E993D8ED5ADF3A1428005D26
svchost,4152,C:\WINDOWS\system32\svchost.exe,53A39B900E3BFBF384ACD13F0FC2329FA8D42B61E993D8ED5ADF3A1428005D26
svchost,4172,C:\WINDOWS\system32\svchost.exe,53A39B900E3BFBF384ACD13F0FC2329FA8D42B61E993D8ED5ADF3A1428005D26
svchost,4340,C:\WINDOWS\system32\svchost.exe,53A39B900E3BFBF384ACD13F0FC2329FA8D42B61E993D8ED5ADF3A1428005D26
svchost,4352,C:\WINDOWS\system32\svchost.exe,53A39B900E3BFBF384ACD13F0FC2329FA8D42B61E993D8ED5ADF3A1428005D26
svchost,4520,C:\WINDOWS\System32\svchost.exe,53A39B900E3BFBF384ACD13F0FC2329FA8D42B61E993D8ED5ADF3A1428005D26
svchost,4564,C:\WINDOWS\system32\svchost.exe,53A39B900E3BFBF384ACD13F0FC2329FA8D42B61E993D8ED5ADF3A1428005D26
svchost,4624,C:\WINDOWS\system32\svchost.exe,53A39B900E3BFBF384ACD13F0FC2329FA8D42B61E993D8ED5ADF3A1428005D26
svchost,4648,C:\WINDOWS\system32\svchost.exe,53A39B900E3BFBF384ACD13F0FC2329FA8D42B61E993D8ED5ADF3A1428005D26
svchost,4724,C:\WINDOWS\system32\svchost.exe,53A39B900E3BFBF384ACD13F0FC2329FA8D42B61E993D8ED5ADF3A1428005D26
svchost,5004,C:\WINDOWS\system32\svchost.exe,53A39B900E3BFBF384ACD13F0FC2329FA8D42B61E993D8ED5ADF3A1428005D26
svchost,5028,C:\WINDOWS\system32\svchost.exe,53A39B900E3BFBF384ACD13F0FC2329FA8D42B61E993D8ED5ADF3A1428005D26
svchost,5308,C:\WINDOWS\system32\svchost.exe,53A39B900E3BFBF384ACD13F0FC2329FA8D42B61E993D8ED5ADF3A1428005D26
svchost,5336,C:\WINDOWS\System32\svchost.exe,53A39B900E3BFBF384ACD13F0FC2329FA8D42B61E993D8ED5ADF3A1428005D26
svchost,5364,C:\WINDOWS\system32\svchost.exe,53A39B900E3BFBF384ACD13F0FC2329FA8D42B61E993D8ED5ADF3A1428005D26
svchost,6184,C:\WINDOWS\System32\svchost.exe,53A39B900E3BFBF384ACD13F0FC2329FA8D42B61E993D8ED5ADF3A1428005D26
svchost,6404,C:\WINDOWS\system32\svchost.exe,53A39B900E3BFBF384ACD13F0FC2329FA8D42B61E993D8ED5ADF3A1428005D26
svchost,6436,C:\WINDOWS\system32\svchost.exe,53A39B900E3BFBF384ACD13F0FC2329FA8D42B61E993D8ED5ADF3A1428005D26
svchost,6468,C:\WINDOWS\system32\svchost.exe,53A39B900E3BFBF384ACD13F0FC2329FA8D42B61E993D8ED5ADF3A1428005D26
svchost,6520,C:\WINDOWS\system32\svchost.exe,53A39B900E3BFBF384ACD13F0FC2329FA8D42B61E993D8ED5ADF3A1428005D26
svchost,6536,C:\WINDOWS\system32\svchost.exe,53A39B900E3BFBF384ACD13F0FC2329FA8D42B61E993D8ED5ADF3A1428005D26
svchost,6624,C:\WINDOWS\system32\svchost.exe,53A39B900E3BFBF384ACD13F0FC2329FA8D42B61E993D8ED5ADF3A1428005D26
svchost,6924,C:\WINDOWS\system32\svchost.exe,53A39B900E3BFBF384ACD13F0FC2329FA8D42B61E993D8ED5ADF3A1428005D26
svchost,7200,C:\WINDOWS\System32\svchost.exe,53A39B900E3BFBF384ACD13F0FC2329FA8D42B61E993D8ED5ADF3A1428005D26
svchost,7512,C:\WINDOWS\system32\svchost.exe,53A39B900E3BFBF384ACD13F0FC2329FA8D42B61E993D8ED5ADF3A1428005D26
svchost,7876,C:\WINDOWS\system32\svchost.exe,53A39B900E3BFBF384ACD13F0FC2329FA8D42B61E993D8ED5ADF3A1428005D26
svchost,7880,C:\WINDOWS\system32\svchost.exe,53A39B900E3BFBF384ACD13F0FC2329FA8D42B61E993D8ED5ADF3A1428005D26
svchost,8092,C:\WINDOWS\system32\svchost.exe,53A39B900E3BFBF384ACD13F0FC2329FA8D42B61E993D8ED5ADF3A1428005D26
svchost,8260,C:\WINDOWS\System32\svchost.exe,53A39B900E3BFBF384ACD13F0FC2329FA8D42B61E993D8ED5ADF3A1428005D26
svchost,9100,C:\WINDOWS\System32\svchost.exe,53A39B900E3BFBF384ACD13F0FC2329FA8D42B61E993D8ED5ADF3A1428005D26
svchost,10144,C:\WINDOWS\system32\svchost.exe,53A39B900E3BFBF384ACD13F0FC2329FA8D42B61E993D8ED5ADF3A1428005D26
svchost,13132,C:\WINDOWS\system32\svchost.exe,53A39B900E3BFBF384ACD13F0FC2329FA8D42B61E993D8ED5ADF3A1428005D26
svchost,13268,C:\WINDOWS\System32\svchost.exe,53A39B900E3BFBF384ACD13F0FC2329FA8D42B61E993D8ED5ADF3A1428005D26
svchost,13296,C:\WINDOWS\system32\svchost.exe,53A39B900E3BFBF384ACD13F0FC2329FA8D42B61E993D8ED5ADF3A1428005D26
svchost,13420,C:\WINDOWS\system32\svchost.exe,53A39B900E3BFBF384ACD13F0FC2329FA8D42B61E993D8ED5ADF3A1428005D26
svchost,15808,C:\WINDOWS\System32\svchost.exe,53A39B900E3BFBF384ACD13F0FC2329FA8D42B61E993D8ED5ADF3A1428005D26
svchost,17988,C:\WINDOWS\system32\svchost.exe,53A39B900E3BFBF384ACD13F0FC2329FA8D42B61E993D8ED5ADF3A1428005D26
svchost,18792,C:\WINDOWS\system32\svchost.exe,53A39B900E3BFBF384ACD13F0FC2329FA8D42B61E993D8ED5ADF3A1428005D26
SystemPlatformEngine,4472,C:\WINDOWS\System32\DriverStore\FileRepository\systemplatformenginecomp.inf_amd64_264ff885c2d28710\SystemPlatformEngine.exe,7300E9D26A4CDAB7568B87BA27D43DBA98B225D39F0BDF2201DF85F15A9EB913
SystemSettings,3248,C:\Windows\ImmersiveControlPanel\SystemSettings.exe,64369903183B2A42C76C5CEE9FF9C3F6EB7F0DC45965D23ADB5F82296C6F2B9B
taskhostw,7956,C:\WINDOWS\system32\taskhostw.exe,3B63250901EB497AA2ACAB2E652D6CDBE48AADFEE170E3D52EC0AF54E3E42C77
taskhostw,16816,C:\WINDOWS\system32\taskhostw.exe,3B63250901EB497AA2ACAB2E652D6CDBE48AADFEE170E3D52EC0AF54E3E42C77
taskhostw,22068,C:\WINDOWS\system32\taskhostw.exe,3B63250901EB497AA2ACAB2E652D6CDBE48AADFEE170E3D52EC0AF54E3E42C77
UserOOBEBroker,11764,C:\Windows\System32\oobe\UserOOBEBroker.exe,72963162AD6F2100AEBF76C0ADD9380B5A318B0B2868A860F2CB38C2D364383B
WhatsApp,16664,C:\Program Files\WindowsApps\5319275A.WhatsAppDesktop_2.2545.5.0_x64__cv1g1gvanyjgm\WhatsApp.exe,29B97F8FFA46F62A1E358A76701454B3B3B9A0FFF28DAABF35F450D672F7A168
WidgetService,10692,C:\Program Files\WindowsApps\Microsoft.WidgetsPlatformRuntime_1.6.14.0_x64__8wekyb3d8bbwe\WidgetService\WidgetService.exe,7335EEC0530B4FB2B8E523A16AE7D4D4F3FEA3D98E00F5B608EF204EB73F6578
WindowsMCFCore,16588,C:\Program Files\WindowsApps\SAMSUNGELECTRONICSCoLtd.SamsungContinuityService_1.14.9.0_x64__wyx1vj98g3asy\WindowsMCFCore\WindowsMCFCore.exe,DE6D435FE7CDCE4FF95D86C0FC7EFA0EA8A9437583F420697F1D30E31938FDC6
WindowsPackageManagerServer,11004,C:\Program Files\WindowsApps\Microsoft.DesktopAppInstaller_1.27.350.0_x64__8wekyb3d8bbwe\WindowsPackageManagerServer.exe,BFDD729F8A9BA4D2B007A2D646BEFF59C5BE531CFB6E802A6C1265BDD2FC9968
winlogon,1196,C:\WINDOWS\system32\winlogon.exe,11E46A1D295EDB01EA8FD89299C9E880CD3A0831BD4EC4CAA12F15C667F2501B
wlanext,6296,C:\WINDOWS\system32\WLANExt.exe,BC9132AEBF45DF98A46A8A3C38FBA98B1C364C22F8F2855081CC60256FB6D499
WmiPrvSE,9204,C:\WINDOWS\sysWOW64\wbem\wmiprvse.exe,7BAC563428FF6DC988A4CF1794676C10E2C96E797DB81C393BC0A5FB6BECF874
WMIRegistrationService,4608,C:\WINDOWS\System32\DriverStore\FileRepository\mewmiprov.inf_amd64_ab7d4ea1d12c01d4\WMIRegistrationService.exe,1A2F4DD8671FE652A6CCD3B862ECBB199ECFD5B825DF1E2174A9B710F447F6AC
WUDFHost,1536,C:\Windows\System32\WUDFHost.exe,DD956683012D4E33C1E9293CA951EF8745F7804F1006927BD961767E9FA3306F
WUDFHost,1716,C:\Windows\System32\WUDFHost.exe,DD956683012D4E33C1E9293CA951EF8745F7804F1006927BD961767E9FA3306F
